-- phpMyAdmin SQL Dump
-- version 5.0.4
-- https://www.phpmyadmin.net/
--
-- Host: 127.0.0.1
-- Generation Time: Feb 18, 2021 at 12:34 PM
-- Server version: 10.4.17-MariaDB
-- PHP Version: 8.0.1

SET SQL_MODE = "NO_AUTO_VALUE_ON_ZERO";
START TRANSACTION;
SET time_zone = "+00:00";


/*!40101 SET @OLD_CHARACTER_SET_CLIENT=@@CHARACTER_SET_CLIENT */;
/*!40101 SET @OLD_CHARACTER_SET_RESULTS=@@CHARACTER_SET_RESULTS */;
/*!40101 SET @OLD_COLLATION_CONNECTION=@@COLLATION_CONNECTION */;
/*!40101 SET NAMES utf8mb4 */;

--
-- Database: `my_db`
--

-- --------------------------------------------------------

--
-- Table structure for table `order_detail`
--

CREATE TABLE `order_detail` (
  `d_id` int(10) NOT NULL,
  `o_id` int(11) NOT NULL,
  `p_id` int(11) NOT NULL,
  `d_qty` int(11) NOT NULL,
  `d_subtotal` float NOT NULL
) ENGINE=MyISAM DEFAULT CHARSET=utf8 COLLATE=utf8_unicode_ci;

--
-- Dumping data for table `order_detail`
--

INSERT INTO `order_detail` (`d_id`, `o_id`, `p_id`, `d_qty`, `d_subtotal`) VALUES
(1, 1, 13, 1, 999),
(2, 1, 10, 1, 10000),
(3, 1, 14, 5, 7500),
(4, 2, 16, 3, 30000),
(5, 2, 15, 2, 600),
(6, 3, 16, 1, 10000),
(7, 3, 15, 1, 300),
(8, 3, 14, 1, 1500),
(9, 3, 13, 1, 999),
(10, 4, 1, 1, 250),
(11, 4, 2, 1, 300),
(12, 4, 4, 1, 200),
(13, 4, 6, 1, 400),
(14, 5, 11, 1, 500),
(15, 6, 14, 1, 1500),
(16, 7, 16, 1, 10000),
(17, 8, 16, 5, 50000),
(18, 8, 15, 3, 900),
(19, 8, 10, 2, 20000),
(20, 9, 3, 3, 300),
(21, 9, 8, 2, 19600),
(22, 10, 2, 1, 300),
(23, 10, 4, 1, 200),
(24, 10, 12, 1, 900),
(25, 10, 6, 1, 400),
(26, 10, 15, 2, 600),
(27, 11, 15, 5, 1500);

-- --------------------------------------------------------

--
-- Table structure for table `order_head`
--

CREATE TABLE `order_head` (
  `o_id` int(10) NOT NULL,
  `m_id` int(11) NOT NULL COMMENT 'id ของสมาชิก',
  `o_dttm` datetime NOT NULL,
  `o_name` varchar(100) NOT NULL,
  `o_addr` varchar(500) NOT NULL,
  `o_email` varchar(100) NOT NULL,
  `o_phone` varchar(20) NOT NULL,
  `o_total` float NOT NULL,
  `o_status` int(1) NOT NULL COMMENT 'เก็บสถานะ 1=รอชำระ 2=ชำระแล้ว 3=ตรวจสอบเลข EMS 4=ยกเลิก',
  `b_id` int(2) NOT NULL DEFAULT 0,
  `o_slip` varchar(50) DEFAULT NULL,
  `o_slip_date` date NOT NULL,
  `o_slip_total` float(10,2) NOT NULL DEFAULT 0.00,
  `o_ems` varchar(50) DEFAULT NULL,
  `o_ems_date` datetime NOT NULL
) ENGINE=MyISAM DEFAULT CHARSET=utf8;

--
-- Dumping data for table `order_head`
--

INSERT INTO `order_head` (`o_id`, `m_id`, `o_dttm`, `o_name`, `o_addr`, `o_email`, `o_phone`, `o_total`, `o_status`, `b_id`, `o_slip`, `o_slip_date`, `o_slip_total`, `o_ems`, `o_ems_date`) VALUES
(1, 2, '2021-02-15 05:44:11', ' นางสาวuser25 test system3', ' 100/100 ฉะเชิงเทรา 24000', 'aa3@g.com', ' 096547464', 18499, 2, 1, 'slip162297022420210215_114445.png', '2021-02-15', 0.00, '', '0000-00-00 00:00:00'),
(2, 2, '2021-02-15 09:02:47', ' นางสาวuser25 test system3', ' 100/100 ฉะเชิงเทรา 24000', 'aa3@g.com', ' 096547464', 30600, 2, 1, 'slip8080073120210215_150455.png', '2021-02-15', 0.00, '', '0000-00-00 00:00:00'),
(3, 2, '2021-02-15 19:47:49', ' นางสาวuser25 test system3', ' 100/100 ฉะเชิงเทรา 24000', 'aa3@g.com', ' 096547464', 12799, 3, 2, 'slip147759377120210216_015024.png', '2021-02-17', 12799.00, 'tha123456879', '2021-02-16 19:56:49'),
(4, 2, '2021-02-15 19:55:25', ' นางสาวuser25 test system3', ' 100/100 ฉะเชิงเทรา 24000', 'aa3@g.com', ' 096547464', 1150, 2, 1, 'slip111803274420210216_015538.png', '2021-02-16', 1150.00, '', '0000-00-00 00:00:00'),
(5, 2, '2021-02-15 19:59:22', ' นางสาวuser25 test system3', ' 100/100 ฉะเชิงเทรา 24000', 'aa3@g.com', ' 096547464', 500, 2, 1, 'slip89693597820210216_015942.png', '2021-02-16', 500.00, '', '0000-00-00 00:00:00'),
(6, 2, '2021-01-03 20:27:00', ' นางสาวuser25 test system3', ' 100/100 ฉะเชิงเทรา 24000', 'aa3@g.com', ' 096547464', 1500, 3, 2, 'slip198132228820210216_022725.png', '2021-01-03', 1500.00, 'tha123456879', '2021-01-07 19:55:49'),
(7, 2, '2021-02-15 21:30:12', ' นางสาวuser25 test system3', ' 100/100 ฉะเชิงเทรา 24000', 'aa3@g.com', ' 096547464', 10000, 4, 0, '', '0000-00-00', 0.00, '', '0000-00-00 00:00:00'),
(8, 2, '2021-02-16 20:03:43', ' นางสาวuser25 test system3', ' 100/100 ฉะเชิงเทรา 24000', 'aa3@g.com', ' 096547464', 70900, 1, 0, '', '0000-00-00', 0.00, '', '0000-00-00 00:00:00'),
(9, 2, '2021-02-16 20:04:07', ' นางสาวuser25 test system3', ' 100/100 ฉะเชิงเทรา 24000', 'aa3@g.com', ' 096547464', 19900, 1, 0, '', '0000-00-00', 0.00, '', '0000-00-00 00:00:00'),
(10, 2, '2021-01-08 20:04:46', ' นางสาวuser25 test system3', ' 100/100 ฉะเชิงเทรา 24000', 'aa3@g.com', ' 096547464', 2400, 4, 0, '', '0000-00-00', 0.00, '', '0000-00-00 00:00:00'),
(11, 2, '2021-02-18 12:32:49', ' นางสาวuser25 test system3', ' 100/100 ฉะเชิงเทรา 24000', 'aa3@g.com', ' 096547464', 1500, 1, 0, '', '0000-00-00', 0.00, '', '0000-00-00 00:00:00');

-- --------------------------------------------------------

--
-- Table structure for table `tbl_bank`
--

CREATE TABLE `tbl_bank` (
  `b_id` int(11) NOT NULL,
  `b_name` varchar(150) NOT NULL COMMENT 'ชื่อธนาคาร',
  `b_number` varchar(20) NOT NULL COMMENT 'เลขบัญชี',
  `b_owner` varchar(150) NOT NULL COMMENT 'ชื่อเจ้าของบัญชี'
) ENGINE=InnoDB DEFAULT CHARSET=utf8;

--
-- Dumping data for table `tbl_bank`
--

INSERT INTO `tbl_bank` (`b_id`, `b_name`, `b_number`, `b_owner`) VALUES
(1, 'ไทยพาณิชย์', '1100701077', 'ADMINADMIN ADMINADMIN'),
(2, 'กสิกร', '2200802088', 'ADMIN ADMIN');

-- --------------------------------------------------------

--
-- Table structure for table `tbl_comment`
--

CREATE TABLE `tbl_comment` (
  `c_id` int(11) NOT NULL,
  `ref_p_id` int(11) NOT NULL,
  `c_detail` text NOT NULL,
  `c_status` int(1) NOT NULL DEFAULT 0 COMMENT '0 = hide, 1 =show',
  `c_date` timestamp NOT NULL DEFAULT current_timestamp()
) ENGINE=InnoDB DEFAULT CHARSET=utf8 COMMENT='เก็บข้อมูลการแสดงความคิดเห็นต่อสินค้า';

--
-- Dumping data for table `tbl_comment`
--

INSERT INTO `tbl_comment` (`c_id`, `ref_p_id`, `c_detail`, `c_status`, `c_date`) VALUES
(1, 6, 'ดีมากๆ', 0, '2019-01-17 13:01:04'),
(2, 12, 'ราคาแพงมาก', 0, '2019-01-17 13:01:55'),
(3, 14, 'ใช้ดีมากๆ แต่แพงมากๆด้วย', 0, '2019-01-17 13:04:55'),
(4, 14, 'ok', 0, '2019-01-17 13:20:38'),
(5, 14, 'ok มากๆ', 0, '2019-01-17 13:20:46'),
(6, 16, 'ดีมากๆ', 0, '2019-01-17 13:21:15'),
(7, 16, 'ดีดี', 0, '2019-01-17 13:21:22'),
(8, 16, 'ok ', 0, '2019-01-17 13:22:31'),
(9, 14, 'ok ok ', 0, '2019-01-17 13:24:53'),
(10, 14, 'ไอ้....', 0, '2019-01-17 13:25:35'),
(11, 15, 'ok', 1, '2019-01-19 10:18:43'),
(12, 15, 'ไอ้...', 1, '2019-01-19 10:19:06'),
(13, 15, 'สินค้าดีมากๆ', 1, '2019-01-20 12:03:08');

-- --------------------------------------------------------

--
-- Table structure for table `tbl_counter`
--

CREATE TABLE `tbl_counter` (
  `c_id` int(11) NOT NULL,
  `c_ipadr` varchar(50) NOT NULL,
  `c_datesave` timestamp NOT NULL DEFAULT current_timestamp()
) ENGINE=InnoDB DEFAULT CHARSET=utf8;

--
-- Dumping data for table `tbl_counter`
--

INSERT INTO `tbl_counter` (`c_id`, `c_ipadr`, `c_datesave`) VALUES
(1, '127.0.0.1', '2019-01-21 13:56:21'),
(2, '127.0.0.1', '2019-01-21 13:56:37'),
(3, '127.0.0.1', '2019-01-22 13:56:44'),
(4, '127.0.0.1', '2019-01-23 15:03:42'),
(5, '127.0.0.1', '2019-01-23 15:04:07'),
(6, '127.0.0.1', '2019-01-23 15:04:07'),
(7, '127.0.0.1', '2019-01-23 15:04:07'),
(8, '127.0.0.1', '2019-01-23 15:04:07'),
(9, '127.0.0.1', '2019-01-23 15:04:15'),
(10, '127.0.0.1', '2019-01-23 15:04:15'),
(11, '127.0.0.1', '2019-01-23 15:20:02'),
(12, '127.0.0.1', '2019-01-23 15:23:07'),
(13, '127.0.0.1', '2019-01-23 15:23:09'),
(14, '127.0.0.1', '2019-01-23 15:24:02'),
(15, '127.0.0.1', '2019-01-24 10:51:25'),
(16, '127.0.0.1', '2019-01-24 10:51:42'),
(17, '127.0.0.1', '2019-01-24 11:50:51'),
(18, '127.0.0.1', '2019-01-24 11:51:43'),
(19, '127.0.0.1', '2019-01-24 11:51:44'),
(20, '127.0.0.1', '2019-01-24 11:52:07'),
(21, '127.0.0.1', '2019-01-24 12:47:08'),
(22, '127.0.0.1', '2019-01-24 12:47:31'),
(23, '127.0.0.1', '2019-01-25 13:26:56'),
(24, '127.0.0.1', '2019-01-25 13:31:18'),
(25, '127.0.0.1', '2019-01-25 13:31:35'),
(26, '127.0.0.1', '2019-01-25 13:31:43'),
(27, '127.0.0.1', '2019-01-25 13:35:44'),
(28, '127.0.0.1', '2019-01-25 13:36:02'),
(29, '127.0.0.1', '2019-01-25 14:29:45'),
(30, '127.0.0.1', '2019-01-25 14:29:59'),
(31, '127.0.0.1', '2019-01-25 14:33:45'),
(32, '127.0.0.1', '2019-01-25 14:40:04'),
(33, '127.0.0.1', '2019-01-26 10:29:48'),
(34, '127.0.0.1', '2019-01-27 03:19:51'),
(35, '127.0.0.1', '2019-01-28 12:17:52'),
(36, '127.0.0.1', '2019-01-28 12:46:43'),
(37, '127.0.0.1', '2019-01-28 12:47:10'),
(38, '127.0.0.1', '2019-01-28 12:47:10'),
(39, '127.0.0.1', '2019-01-28 12:47:16'),
(40, '127.0.0.1', '2019-01-28 12:47:27'),
(41, '127.0.0.1', '2019-01-29 14:24:47'),
(42, '127.0.0.1', '2019-01-30 09:56:01'),
(43, '127.0.0.1', '2019-01-30 10:00:06'),
(44, '127.0.0.1', '2019-01-30 10:00:09'),
(45, '127.0.0.1', '2019-01-30 10:00:13'),
(46, '127.0.0.1', '2019-01-30 10:00:13'),
(47, '127.0.0.1', '2019-01-30 10:00:13'),
(48, '127.0.0.1', '2019-01-30 10:00:14'),
(49, '127.0.0.1', '2019-01-30 10:00:14'),
(50, '127.0.0.1', '2019-01-30 10:02:36'),
(51, '127.0.0.1', '2019-01-30 10:02:39'),
(52, '127.0.0.1', '2019-01-30 10:02:40'),
(53, '127.0.0.1', '2019-01-30 10:02:40'),
(54, '127.0.0.1', '2019-01-30 10:19:16'),
(55, '127.0.0.1', '2019-01-30 10:20:30'),
(56, '127.0.0.1', '2019-01-30 12:41:38'),
(57, '127.0.0.1', '2019-01-30 12:47:55'),
(58, '127.0.0.1', '2019-01-30 12:52:20'),
(59, '127.0.0.1', '2019-01-30 12:52:21'),
(60, '127.0.0.1', '2019-01-30 12:52:21'),
(61, '127.0.0.1', '2019-01-30 12:53:16'),
(62, '127.0.0.1', '2019-01-30 12:53:16'),
(63, '127.0.0.1', '2019-01-30 12:56:01'),
(64, '127.0.0.1', '2019-01-30 13:15:53'),
(65, '127.0.0.1', '2019-01-30 13:25:04'),
(66, '127.0.0.1', '2019-01-30 13:27:30'),
(67, '127.0.0.1', '2019-01-31 06:56:52'),
(68, '127.0.0.1', '2019-01-31 07:06:23'),
(69, '127.0.0.1', '2019-01-31 07:22:02'),
(70, '127.0.0.1', '2019-01-31 12:25:37'),
(71, '127.0.0.1', '2019-01-31 12:33:47'),
(72, '127.0.0.1', '2019-01-31 12:33:47'),
(73, '127.0.0.1', '2019-02-01 06:32:15'),
(74, '127.0.0.1', '2019-02-01 06:39:09'),
(75, '127.0.0.1', '2019-02-01 06:39:09'),
(76, '127.0.0.1', '2019-02-01 06:41:40'),
(77, '127.0.0.1', '2019-02-01 06:41:55'),
(78, '127.0.0.1', '2019-02-04 10:06:49'),
(79, '127.0.0.1', '2019-02-05 15:07:57'),
(80, '127.0.0.1', '2019-02-06 10:56:56'),
(81, '127.0.0.1', '2019-02-07 12:46:53'),
(82, '127.0.0.1', '2019-02-07 12:47:35'),
(83, '127.0.0.1', '2019-02-07 12:47:50'),
(84, '127.0.0.1', '2019-02-07 12:47:51'),
(85, '127.0.0.1', '2019-02-07 12:53:15'),
(86, '127.0.0.1', '2019-02-07 12:57:05'),
(87, '127.0.0.1', '2019-02-07 13:01:42'),
(88, '127.0.0.1', '2019-02-07 13:02:17'),
(89, '127.0.0.1', '2019-02-07 13:02:50'),
(90, '127.0.0.1', '2019-02-07 13:02:54'),
(91, '127.0.0.1', '2019-02-07 13:03:17'),
(92, '127.0.0.1', '2019-02-07 13:03:25'),
(93, '127.0.0.1', '2019-02-07 13:04:08'),
(94, '127.0.0.1', '2019-02-07 13:04:17'),
(95, '127.0.0.1', '2019-02-07 13:07:20'),
(96, '127.0.0.1', '2019-02-23 13:26:09'),
(97, '127.0.0.1', '2019-04-07 03:24:30'),
(98, '127.0.0.1', '2019-04-07 03:25:19'),
(99, '127.0.0.1', '2019-07-31 02:45:53'),
(100, '127.0.0.1', '2019-07-31 02:48:11'),
(101, '127.0.0.1', '2019-07-31 02:52:00'),
(102, '127.0.0.1', '2019-08-09 09:41:11'),
(103, '127.0.0.1', '2019-08-09 10:01:09'),
(104, '127.0.0.1', '2019-08-09 10:02:18'),
(105, '127.0.0.1', '2019-08-09 10:03:01'),
(106, '127.0.0.1', '2019-08-09 10:03:02'),
(107, '127.0.0.1', '2019-08-09 10:03:02'),
(108, '127.0.0.1', '2019-08-09 10:08:06'),
(109, '::1', '2021-02-10 05:24:37'),
(110, '::1', '2021-02-10 05:24:42'),
(111, '::1', '2021-02-10 05:27:45'),
(112, '::1', '2021-02-10 05:27:55'),
(113, '::1', '2021-02-10 05:28:00'),
(114, '::1', '2021-02-10 05:28:03'),
(115, '::1', '2021-02-10 06:06:42'),
(116, '::1', '2021-02-10 06:11:17'),
(117, '::1', '2021-02-10 06:11:36'),
(118, '::1', '2021-02-10 06:11:45'),
(119, '::1', '2021-02-10 06:11:53'),
(120, '::1', '2021-02-10 06:11:54'),
(121, '::1', '2021-02-10 13:58:21'),
(122, '::1', '2021-02-10 14:04:32'),
(123, '::1', '2021-02-10 14:05:25'),
(124, '::1', '2021-02-10 14:05:26'),
(125, '::1', '2021-02-10 14:13:24'),
(126, '::1', '2021-02-10 14:14:02'),
(127, '::1', '2021-02-10 14:14:15'),
(128, '::1', '2021-02-10 14:14:23'),
(129, '::1', '2021-02-10 14:14:44'),
(130, '::1', '2021-02-10 14:14:45'),
(131, '::1', '2021-02-10 14:15:52'),
(132, '::1', '2021-02-10 14:15:59'),
(133, '::1', '2021-02-10 14:16:00'),
(134, '::1', '2021-02-10 14:16:06'),
(135, '::1', '2021-02-10 14:16:08'),
(136, '::1', '2021-02-10 14:16:44'),
(137, '::1', '2021-02-10 14:16:45'),
(138, '::1', '2021-02-10 14:16:45'),
(139, '::1', '2021-02-10 14:16:45'),
(140, '::1', '2021-02-10 14:16:46'),
(141, '::1', '2021-02-10 14:16:47'),
(142, '::1', '2021-02-10 14:16:47'),
(143, '::1', '2021-02-10 14:43:15'),
(144, '::1', '2021-02-11 06:06:06'),
(145, '::1', '2021-02-12 16:27:37'),
(146, '::1', '2021-02-12 16:30:48'),
(147, '::1', '2021-02-12 16:30:50'),
(148, '::1', '2021-02-12 16:31:53'),
(149, '::1', '2021-02-12 16:32:27'),
(150, '::1', '2021-02-13 09:19:43'),
(151, '::1', '2021-02-13 09:20:14'),
(152, '::1', '2021-02-13 09:26:34'),
(153, '::1', '2021-02-13 16:44:11'),
(154, '::1', '2021-02-13 16:46:59'),
(155, '::1', '2021-02-14 12:39:37'),
(156, '::1', '2021-02-14 14:45:38'),
(157, '::1', '2021-02-14 14:53:07'),
(158, '::1', '2021-02-14 15:04:46'),
(159, '::1', '2021-02-14 17:51:53'),
(160, '::1', '2021-02-14 22:37:10'),
(161, '::1', '2021-02-15 04:42:37'),
(162, '::1', '2021-02-15 04:45:35'),
(163, '::1', '2021-02-17 22:37:36');

-- --------------------------------------------------------

--
-- Table structure for table `tbl_login_log`
--

CREATE TABLE `tbl_login_log` (
  `log_id` int(11) NOT NULL,
  `ref_m_id` int(11) NOT NULL,
  `log_date` timestamp NOT NULL DEFAULT current_timestamp()
) ENGINE=InnoDB DEFAULT CHARSET=utf8 COMMENT='เก็บประวัติการ login ';

--
-- Dumping data for table `tbl_login_log`
--

INSERT INTO `tbl_login_log` (`log_id`, `ref_m_id`, `log_date`) VALUES
(1, 3, '2018-01-07 12:56:13'),
(2, 3, '2018-01-07 12:56:13'),
(3, 2, '2018-01-07 12:56:13'),
(4, 2, '2018-01-07 12:56:13'),
(5, 2, '2018-01-07 12:56:13'),
(6, 3, '2018-01-07 12:56:13'),
(7, 2, '2018-01-07 12:56:13'),
(8, 3, '2018-01-07 12:56:13'),
(9, 3, '2018-01-07 12:56:13'),
(10, 2, '2018-01-07 12:56:13'),
(11, 2, '2019-01-07 12:56:13'),
(12, 2, '2019-01-07 12:56:13'),
(13, 3, '2019-01-07 12:56:13'),
(14, 2, '2019-01-07 12:56:13'),
(15, 3, '2019-01-07 12:56:13'),
(16, 3, '2019-01-07 12:56:13'),
(17, 2, '2019-01-07 12:56:13'),
(18, 2, '2019-01-07 12:56:13'),
(19, 2, '2019-01-07 12:56:13'),
(20, 3, '2019-01-07 12:56:13'),
(21, 2, '2019-01-07 12:56:13'),
(22, 3, '2019-01-07 12:56:13'),
(23, 3, '2019-01-07 12:56:13'),
(24, 2, '2019-01-07 12:59:13'),
(25, 2, '2019-01-08 12:56:13'),
(26, 2, '2019-01-08 12:56:13'),
(27, 3, '2019-01-08 12:56:13'),
(28, 2, '2019-01-07 12:56:13'),
(29, 3, '2019-01-09 12:24:34'),
(30, 2, '2019-01-09 12:24:51'),
(31, 2, '2019-01-12 14:51:00'),
(32, 2, '2019-02-07 12:53:45'),
(33, 2, '2019-02-07 13:01:49'),
(34, 2, '2019-04-07 03:25:13'),
(35, 2, '2019-07-31 02:48:09'),
(36, 2, '2019-08-09 10:01:02'),
(37, 2, '2021-02-10 05:26:14'),
(38, 2, '2021-02-10 06:08:30'),
(39, 2, '2021-02-10 13:58:32'),
(40, 2, '2021-02-10 14:13:52'),
(41, 2, '2021-02-10 14:14:53'),
(42, 2, '2021-02-12 16:27:49'),
(43, 2, '2021-02-12 16:32:11'),
(44, 2, '2021-02-13 09:19:54'),
(45, 2, '2021-02-14 12:37:49'),
(46, 2, '2021-02-14 12:39:51'),
(47, 2, '2021-02-14 12:52:02'),
(48, 2, '2021-02-14 14:18:25'),
(49, 2, '2021-02-14 14:22:00'),
(50, 2, '2021-02-14 14:25:48'),
(51, 2, '2021-02-14 14:49:17'),
(52, 2, '2021-02-14 14:58:11'),
(53, 2, '2021-02-14 15:03:08'),
(54, 2, '2021-02-14 15:04:25'),
(55, 2, '2021-02-14 15:05:52'),
(56, 2, '2021-02-14 19:13:12'),
(57, 2, '2021-02-14 20:29:06'),
(58, 2, '2021-02-14 20:30:02'),
(59, 2, '2021-02-14 20:43:26'),
(60, 2, '2021-02-14 21:32:36'),
(61, 2, '2021-02-14 22:39:51'),
(62, 2, '2021-02-15 04:40:33'),
(63, 2, '2021-02-15 04:42:52'),
(64, 2, '2021-02-15 07:59:26'),
(65, 2, '2021-02-15 17:18:21'),
(66, 2, '2021-02-15 17:18:35'),
(67, 2, '2021-02-15 18:12:01'),
(68, 2, '2021-02-15 21:54:55'),
(69, 2, '2021-02-16 11:33:46'),
(70, 2, '2021-02-16 19:03:14'),
(71, 2, '2021-02-16 21:42:46'),
(72, 2, '2021-02-17 12:31:00'),
(73, 2, '2021-02-17 19:37:25'),
(74, 2, '2021-02-17 22:40:26'),
(75, 2, '2021-02-18 11:30:27');

-- --------------------------------------------------------

--
-- Table structure for table `tbl_member`
--

CREATE TABLE `tbl_member` (
  `m_id` int(11) NOT NULL,
  `m_username` varchar(50) NOT NULL,
  `m_password` varchar(128) NOT NULL,
  `m_fname` varchar(20) NOT NULL,
  `m_name` varchar(100) NOT NULL,
  `m_lname` varchar(100) NOT NULL,
  `m_address` varchar(250) NOT NULL,
  `m_email` varchar(50) NOT NULL,
  `m_phone` varchar(20) NOT NULL,
  `m_img` varchar(50) NOT NULL,
  `m_level` varchar(10) NOT NULL,
  `m_datesave` timestamp NOT NULL DEFAULT current_timestamp()
) ENGINE=InnoDB DEFAULT CHARSET=utf8 COMMENT='ตารางข้อมูลสมาชิก';

--
-- Dumping data for table `tbl_member`
--

INSERT INTO `tbl_member` (`m_id`, `m_username`, `m_password`, `m_fname`, `m_name`, `m_lname`, `m_address`, `m_email`, `m_phone`, `m_img`, `m_level`, `m_datesave`) VALUES
(1, 'admin', '21232f297a57a5a743894a0e4a801fc3', 'นาย', 'testing', 'system', '', 'user@user.com', '091111111', '52523078720181210_140522.png', 'ADMIN', '2018-12-08 00:44:59'),
(2, 'member', 'aa08769cdcb26674c6706093503ff0a3', 'นางสาว', 'user25', 'test system3', '100/100 ฉะเชิงเทรา 24000', 'aa3@g.com', '096547464', '207295879320190103_221249.png', 'MEMBER', '2018-12-08 00:50:23');

-- --------------------------------------------------------

--
-- Table structure for table `tbl_prd`
--

CREATE TABLE `tbl_prd` (
  `p_id` int(11) NOT NULL,
  `ref_m_id` int(11) NOT NULL DEFAULT 0 COMMENT 'รหัสของคนเพิ่มข้อมูล',
  `ref_t_id` int(11) NOT NULL COMMENT 'รหัสประเทภสินค้า',
  `p_name` varchar(150) NOT NULL COMMENT 'ชื่อสินค้า',
  `p_intro` varchar(150) NOT NULL COMMENT 'รายละเอียดสั้นๆ',
  `p_detail` text NOT NULL,
  `p_price` float(10,2) NOT NULL,
  `p_img` varchar(100) DEFAULT NULL,
  `p_view` int(11) NOT NULL DEFAULT 0,
  `p_qty` int(4) NOT NULL COMMENT 'จำนวนสินค้าในสต๊อก',
  `p_m_name` varchar(50) NOT NULL COMMENT 'ชื่อคนแก้สินค้า',
  `p_m_edit_date` datetime NOT NULL COMMENT 'ว/ด/ป ที่แก้สินค้า',
  `p_datesave` timestamp NOT NULL DEFAULT current_timestamp()
) ENGINE=InnoDB DEFAULT CHARSET=utf8 COMMENT='ตารางเก็บข้อมูลสินค้า';

--
-- Dumping data for table `tbl_prd`
--

INSERT INTO `tbl_prd` (`p_id`, `ref_m_id`, `ref_t_id`, `p_name`, `p_intro`, `p_detail`, `p_price`, `p_img`, `p_view`, `p_qty`, `p_m_name`, `p_m_edit_date`, `p_datesave`) VALUES
(1, 1, 1, 'เสื้อมือสอง', 'เสื้อมือสองสภาพดีใส่ครั้งเดียว', 'เสื้อมือสองสภาพดีใส่ครั้งเดียว', 250.00, '1-4.jpg', 11, 3, '', '0000-00-00 00:00:00', '2018-10-14 06:49:00'),
(2, 1, 1, 'กางเกงมือสอง', 'กางเกงมือสองสภาพดีใส่ครั้งเดียว', 'กางเกงมือสองสภาพดีใส่ครั้งเดียว', 300.00, '1-3.jpg', 10, 4, '', '0000-00-00 00:00:00', '2018-10-14 06:49:00'),
(3, 1, 1, 'เสื้อมือสอง', 'เสื้อมือสองสภาพดีใส่ครั้งเดียว', 'เสื้อมือสองสภาพดีใส่ครั้งเดียว', 100.00, '1-5.jpg', 11, 5, '', '0000-00-00 00:00:00', '2018-10-14 06:49:00'),
(4, 1, 2, 'เมาส์มือสอง', 'เมาส์สภาพดีมือสอง ใช้น้อยครั้ง', 'เมาส์สภาพดีมือสอง ใช้น้อยครั้ง', 200.00, '2.jpg', 39, 10, '', '0000-00-00 00:00:00', '2018-10-14 06:49:00'),
(6, 1, 3, 'เตาไฟฟ้ามือสอง', 'เตาไฟฟ้าสภาพดีใช้ครั้งเดียว น้ำมันกระเด็นเลยขาย', 'เตาไฟฟ้าสภาพดีใช้ครั้งเดียว น้ำมันกระเด็นเลยขาย', 400.00, '3.jpg', 34, 5, '', '0000-00-00 00:00:00', '2018-10-14 06:49:00'),
(8, 1, 4, 'น้ำพุในสวนมือสอง', 'น้ำพุสวยมือสองราคาถูก', 'น้ำพุสวยมือสองราคาถูก', 9800.00, '4.jpg', 34, 1, '', '0000-00-00 00:00:00', '2018-10-14 06:49:00'),
(9, 1, 1, 'เสื้อมือสอง', 'เสื้อมือสองสภาพดีไม่เคยใส่เลย', 'เสื้อมือสองสภาพดีไม่เคยใส่เลย', 299.00, '1-6.jpg', 0, 6, '', '0000-00-00 00:00:00', '2018-12-02 08:37:32'),
(10, 1, 5, 'ทีวีมือสอง', 'ทีวีมือสอง ภาพชัดเสียงดี ราคาถูก', 'ทีวีมือสอง ภาพชัดเสียงดี ราคาถูก', 10000.00, '5.jpg', 0, 0, '', '0000-00-00 00:00:00', '2018-12-02 08:40:09'),
(11, 1, 6, 'รองเท้าบูธมือสอง', 'รองเท้าบูธมือสองใส่เดินแบบครั้งเดียว', 'รองเท้าบูธมือสองใส่เดินแบบครั้งเดียว', 500.00, '6-2.jpg', 0, 10, '', '0000-00-00 00:00:00', '2018-12-02 08:43:31'),
(12, 1, 1, 'กางเกงมือสอง', 'กางเกงมือสองสภาพดีไม่เคยใส่เลย', 'กางเกงมือสองสภาพดีไม่เคยใส่เลย', 900.00, '1-2.jpg', 10, 7, '', '0000-00-00 00:00:00', '2018-12-09 11:30:04'),
(13, 1, 7, 'Pandora มือสอง', 'กำไลข้อมือแบรนด์ดังมือสอง', 'กำไลข้อมือแบรนด์ดังมือสอง', 999.00, '7.jpg', 15, 10, 'member', '2019-01-06 20:24:36', '2018-12-09 11:35:35'),
(14, 20, 1, 'ชุดเดรสมือสอง', 'ชุดเดรสหรูมือสองใส่ออกงานครั้งเดียว', 'ชุดเดรสหรูมือสองใส่ออกงานครั้งเดียว', 1500.00, '1-1.jpg', 26, 2, 'user23', '2019-01-05 12:24:20', '2019-01-01 08:59:36'),
(15, 20, 6, 'รองเท้าผ้าใบมือสอง', 'รองเท้าผ้าใบมือสอง สภาพนางฟ้า', 'รองเท้าผ้าใบมือสอง สภาพนางฟ้า', 300.00, '6-1.jpg', 29, 5, 'member', '2019-01-06 21:17:44', '2019-01-01 09:00:57'),
(16, 1, 8, 'Iphone มือสอง', 'IphoneX มือสอง ราคาถูก', 'IphoneX มือสอง ราคาถูก', 10000.00, '9.jpg', 27, 10, 'member', '2019-01-06 21:19:35', '2019-01-01 09:01:44');

-- --------------------------------------------------------

--
-- Table structure for table `tbl_prd_type`
--

CREATE TABLE `tbl_prd_type` (
  `t_id` int(11) NOT NULL,
  `t_name` varchar(100) NOT NULL
) ENGINE=InnoDB DEFAULT CHARSET=utf8 COMMENT='ตารางเก็บข้อมูลประเภทสินค้า';

--
-- Dumping data for table `tbl_prd_type`
--

INSERT INTO `tbl_prd_type` (`t_id`, `t_name`) VALUES
(1, 'เสื้อผ้า'),
(2, 'คอมพิวเตอร์'),
(3, 'ของใช้ในครัว'),
(4, 'จัดแต่งสวน'),
(5, 'เครื่องใช้ไฟฟ้า'),
(6, 'รองเท้า'),
(7, 'เครื่องประดับ'),
(8, 'โทรศัพท์มือถือ');

-- --------------------------------------------------------

--
-- Table structure for table `tbl_prd_update_log`
--

CREATE TABLE `tbl_prd_update_log` (
  `lid` int(11) NOT NULL,
  `ref_p_id` int(11) NOT NULL,
  `ref_m_id` int(11) NOT NULL,
  `l_date_save` timestamp NOT NULL DEFAULT current_timestamp()
) ENGINE=InnoDB DEFAULT CHARSET=utf8 COMMENT='เก็บประวัติของคนที่เข้ามาแก้ไขสินค้า';

--
-- Dumping data for table `tbl_prd_update_log`
--

INSERT INTO `tbl_prd_update_log` (`lid`, `ref_p_id`, `ref_m_id`, `l_date_save`) VALUES
(1, 16, 2, '2019-01-06 05:45:43'),
(2, 16, 2, '2019-01-06 05:46:31'),
(3, 15, 2, '2019-01-06 05:47:16'),
(4, 13, 3, '2019-01-06 13:24:43'),
(5, 15, 3, '2019-01-06 14:13:59'),
(6, 15, 3, '2019-01-06 14:15:55'),
(7, 15, 3, '2019-01-06 14:17:50'),
(8, 16, 3, '2019-01-06 14:19:39');

-- --------------------------------------------------------

--
-- Table structure for table `tbl_problem`
--

CREATE TABLE `tbl_problem` (
  `p_id` int(11) NOT NULL,
  `p_detail` varchar(300) NOT NULL,
  `p_email` varchar(50) NOT NULL,
  `p_phone` varchar(20) NOT NULL,
  `p_datesave` timestamp NOT NULL DEFAULT current_timestamp()
) ENGINE=InnoDB DEFAULT CHARSET=utf8 COMMENT='ตารางสำหรับแจ้งปัญหาการใช้งานเว็บไซต์';

--
-- Dumping data for table `tbl_problem`
--

INSERT INTO `tbl_problem` (`p_id`, `p_detail`, `p_email`, `p_phone`, `p_datesave`) VALUES
(1, 'ปัญหา', 'test@g.com', '0999999999', '2019-01-24 11:49:01'),
(2, 'aaaa', 'test@g.com', '0999999999', '2019-01-24 11:49:36'),
(3, 'เว็บโหลดช้า', 'test@g.com', '0999999999', '2019-01-24 11:50:38'),
(4, 'Form แจ้งปัญหาการใช้งานเว็บไซต์', 'a@g.com', '098988988999', '2019-01-24 11:52:05'),
(5, 'testing', 'test@abc.com', '09934353455', '2019-01-24 12:47:29'),
(6, 'ddd', 'test@g.com', '0999999999', '2019-01-25 14:33:43'),
(7, 'ddd', 'test@g.com', '0999999999', '2019-01-25 14:33:43'),
(8, 'ระบบ login ใช้งานไม่ได้', 'test@g.com', '0999999999', '2019-01-25 14:35:12'),
(9, 'not login ', 'a@g.com', '09934353455', '2019-01-25 14:36:43'),
(10, 'system good', 'test@g.com', '0999999999', '2019-01-25 14:38:44'),
(11, 'ระบบใช้งานไม่ได้', 'test@abc.com', '0999999999', '2019-01-25 14:39:02'),
(12, 'kkkkk', 'test@g.com', '0999999999', '2019-01-25 14:40:02'),
(13, 'hello', 'devbanban@gmail.com', '0999999999', '2019-01-26 10:55:34'),
(14, 'hello', 'devbanban@gmail.com', '0999999999', '2019-01-26 10:56:16');

-- --------------------------------------------------------

--
-- Table structure for table `tbl_slide`
--

CREATE TABLE `tbl_slide` (
  `s_id` int(11) NOT NULL,
  `s_title` varchar(100) NOT NULL,
  `s_status` varchar(5) NOT NULL,
  `s_link` varchar(200) NOT NULL,
  `s_img` varchar(100) NOT NULL,
  `s_datesave` timestamp NOT NULL DEFAULT current_timestamp()
) ENGINE=InnoDB DEFAULT CHARSET=utf8;

--
-- Indexes for dumped tables
--

--
-- Indexes for table `order_detail`
--
ALTER TABLE `order_detail`
  ADD PRIMARY KEY (`d_id`);

--
-- Indexes for table `order_head`
--
ALTER TABLE `order_head`
  ADD PRIMARY KEY (`o_id`);

--
-- Indexes for table `tbl_bank`
--
ALTER TABLE `tbl_bank`
  ADD PRIMARY KEY (`b_id`);

--
-- Indexes for table `tbl_comment`
--
ALTER TABLE `tbl_comment`
  ADD PRIMARY KEY (`c_id`);

--
-- Indexes for table `tbl_counter`
--
ALTER TABLE `tbl_counter`
  ADD PRIMARY KEY (`c_id`);

--
-- Indexes for table `tbl_login_log`
--
ALTER TABLE `tbl_login_log`
  ADD PRIMARY KEY (`log_id`);

--
-- Indexes for table `tbl_member`
--
ALTER TABLE `tbl_member`
  ADD PRIMARY KEY (`m_id`);

--
-- Indexes for table `tbl_prd`
--
ALTER TABLE `tbl_prd`
  ADD PRIMARY KEY (`p_id`);

--
-- Indexes for table `tbl_prd_type`
--
ALTER TABLE `tbl_prd_type`
  ADD PRIMARY KEY (`t_id`);

--
-- Indexes for table `tbl_prd_update_log`
--
ALTER TABLE `tbl_prd_update_log`
  ADD PRIMARY KEY (`lid`);

--
-- Indexes for table `tbl_problem`
--
ALTER TABLE `tbl_problem`
  ADD PRIMARY KEY (`p_id`);

--
-- Indexes for table `tbl_slide`
--
ALTER TABLE `tbl_slide`
  ADD PRIMARY KEY (`s_id`);

--
-- AUTO_INCREMENT for dumped tables
--

--
-- AUTO_INCREMENT for table `order_detail`
--
ALTER TABLE `order_detail`
  MODIFY `d_id` int(10) NOT NULL AUTO_INCREMENT, AUTO_INCREMENT=28;

--
-- AUTO_INCREMENT for table `order_head`
--
ALTER TABLE `order_head`
  MODIFY `o_id` int(10) NOT NULL AUTO_INCREMENT, AUTO_INCREMENT=12;

--
-- AUTO_INCREMENT for table `tbl_bank`
--
ALTER TABLE `tbl_bank`
  MODIFY `b_id` int(11) NOT NULL AUTO_INCREMENT, AUTO_INCREMENT=3;

--
-- AUTO_INCREMENT for table `tbl_comment`
--
ALTER TABLE `tbl_comment`
  MODIFY `c_id` int(11) NOT NULL AUTO_INCREMENT, AUTO_INCREMENT=14;

--
-- AUTO_INCREMENT for table `tbl_counter`
--
ALTER TABLE `tbl_counter`
  MODIFY `c_id` int(11) NOT NULL AUTO_INCREMENT, AUTO_INCREMENT=164;

--
-- AUTO_INCREMENT for table `tbl_login_log`
--
ALTER TABLE `tbl_login_log`
  MODIFY `log_id` int(11) NOT NULL AUTO_INCREMENT, AUTO_INCREMENT=76;

--
-- AUTO_INCREMENT for table `tbl_member`
--
ALTER TABLE `tbl_member`
  MODIFY `m_id` int(11) NOT NULL AUTO_INCREMENT, AUTO_INCREMENT=3;

--
-- AUTO_INCREMENT for table `tbl_prd`
--
ALTER TABLE `tbl_prd`
  MODIFY `p_id` int(11) NOT NULL AUTO_INCREMENT, AUTO_INCREMENT=17;

--
-- AUTO_INCREMENT for table `tbl_prd_type`
--
ALTER TABLE `tbl_prd_type`
  MODIFY `t_id` int(11) NOT NULL AUTO_INCREMENT, AUTO_INCREMENT=13;

--
-- AUTO_INCREMENT for table `tbl_prd_update_log`
--
ALTER TABLE `tbl_prd_update_log`
  MODIFY `lid` int(11) NOT NULL AUTO_INCREMENT, AUTO_INCREMENT=9;

--
-- AUTO_INCREMENT for table `tbl_problem`
--
ALTER TABLE `tbl_problem`
  MODIFY `p_id` int(11) NOT NULL AUTO_INCREMENT, AUTO_INCREMENT=15;

--
-- AUTO_INCREMENT for table `tbl_slide`
--
ALTER TABLE `tbl_slide`
  MODIFY `s_id` int(11) NOT NULL AUTO_INCREMENT;
COMMIT;

/*!40101 SET CHARACTER_SET_CLIENT=@OLD_CHARACTER_SET_CLIENT */;
/*!40101 SET CHARACTER_SET_RESULTS=@OLD_CHARACTER_SET_RESULTS */;
/*!40101 SET COLLATION_CONNECTION=@OLD_COLLATION_CONNECTION */;
